1,北京大学,,北京市,,211,985,公办院校,综合类院校,教育部,大学,
2,清华大学,,北京市,,211,985,公办院校,工科类院校,教育部,大学,
3,武汉大学,湖北,湖北-武汉市,武汉市,211,985,公办院校,综合类院校,教育部,大学,
4,复旦大学,,上海市,,211,985,公办院校,综合类院校,教育部,大学,
5,浙江大学,浙江,浙江-杭州市,杭州市,211,985,公办院校,综合类院校,教育部,大学,
6,上海交通大学,,上海市,,211,985,公办院校,综合类院校,教育部,大学,
7,南京大学,江苏,江苏-南京市,南京市,211,985,公办院校,综合类院校,教育部,大学,
8,中国人民大学,,北京市,,211,985,公办院校,综合类院校,教育部,大学,
9,吉林大学,吉林,吉林-长春市,长春市,211,985,公办院校,综合类院校,教育部,大学,
10,华中科技大学,湖北,湖北-武汉市,武汉市,211,985,公办院校,工科类院校,教育部,大学,
11,四川大学,四川,四川-成都市,成都市,211,985,公办院校,综合类院校,教育部,大学,
12,中山大学,广东,广东-广州市,广州市,211,985,公办院校,综合类院校,教育部,大学,
13,南开大学,,天津市,,211,985,公办院校,综合类院校,教育部,大学,
14,天津大学,,天津市,,211,985,公办院校,工科类院校,教育部,大学,
15,中国科学技术大学,安徽,安徽-合肥市,合肥市,211,985,公办院校,工科类院校,中国科学院,大学,
16,西安交通大学,陕西,陕西-西安市,西安市,211,985,公办院校,综合类院校,教育部,大学,
17,中南大学,湖南,湖南-长沙市,长沙市,211,985,公办院校,综合类院校,教育部,大学,
18,哈尔滨工业大学,黑龙江,黑龙江-哈尔滨市,哈尔滨市,211,985,公办院校,工科类院校,工业和信息化部,大学,
19,北京师范大学,,北京市,,211,985,公办院校,师范类院校,教育部,大学,
20,山东大学,山东,山东-济南市,济南市,211,985,公办院校,综合类院校,教育部,大学,
21,厦门大学,福建,福建-厦门市,厦门市,211,985,公办院校,综合类院校,教育部,大学,
22,东南大学,江苏,江苏-南京市,南京市,211,985,公办院校,综合类院校,教育部,大学,
23,北京航空航天大学,,北京市,,211,985,公办院校,工科类院校,工业和信息化部,大学,
24,同济大学,,上海市,,211,985,公办院校,工科类院校,教育部,大学,
25,东北大学,辽宁,辽宁-沈阳市,沈阳市,211,985,公办院校,工科类院校,教育部,大学,
26,大连理工大学,辽宁,辽宁-大连市,大连市,211,985,公办院校,工科类院校,教育部,大学,
27,华南理工大学,广东,广东-广州市,广州市,211,985,公办院校,工科类院校,教育部,大学,
28,华东师范大学,,上海市,,211,985,公办院校,师范类院校,教育部,大学,
29,电子科技大学,四川,四川-成都市,成都市,211,985,公办院校,工科类院校,教育部,大学,
30,湖南大学,湖南,湖南-长沙市,长沙市,211,985,公办院校,综合类院校,教育部,大学,
31,重庆大学,,重庆市,,211,985,公办院校,综合类院校,教育部,大学,
32,西北工业大学,陕西,陕西-西安市,西安市,211,985,公办院校,工科类院校,工业和信息化部,大学,
33,中国农业大学,,北京市,,211,985,公办院校,农业类院校,教育部,大学,
34,兰州大学,甘肃,甘肃-兰州市,兰州市,211,985,公办院校,综合类院校,教育部,大学,
35,北京理工大学,,北京市,,211,985,公办院校,工科类院校,工业和信息化部,大学,
36,华中师范大学,湖北,湖北-武汉市,武汉市,211,,公办院校,师范类院校,教育部,大学,
37,西南大学,,重庆市,,211,,公办院校,综合类院校,教育部,大学,
38,东北师范大学,吉林,吉林-长春市,长春市,211,,公办院校,师范类院校,教育部,大学,
39,南京农业大学,江苏,江苏-南京市,南京市,211,,公办院校,农业类院校,教育部,大学,
40,北京交通大学,,北京市,,211,,公办院校,工科类院校,教育部,大学,
41,西南交通大学,四川,四川-成都市,成都市,211,,公办院校,工科类院校,教育部,大学,
42,长安大学,陕西,陕西-西安市,西安市,211,,公办院校,工科类院校,教育部,大学,
43,武汉理工大学,湖北,湖北-武汉市,武汉市,211,,公办院校,工科类院校,教育部,大学,
44,河海大学,江苏,江苏-南京市,南京市,211,,公办院校,工科类院校,教育部,大学,
45,华中农业大学,湖北,湖北-武汉市,武汉市,211,,公办院校,农业类院校,教育部,大学,
46,南京师范大学,江苏,江苏-南京市,南京市,211,,公办院校,师范类院校,江苏省教育厅,大学,
47,郑州大学,河南,河南-郑州市,郑州市,211,,公办院校,综合类院校,河南省教育厅,大学,
48,南京理工大学,江苏,江苏-南京市,南京市,211,,公办院校,工科类院校,工业和信息化部,大学,
49,西安电子科技大学,陕西,陕西-西安市,西安市,211,,公办院校,工科类院校,教育部,大学,
50,中国海洋大学,山东,山东-青岛市,青岛市,211,985,公办院校,综合类院校,教育部,大学,
51,华东理工大学,,上海市,,211,,公办院校,工科类院校,教育部,大学,
52,苏州大学,江苏,江苏-苏州市,苏州市,211,,公办院校,综合类院校,江苏省教育厅,大学,
53,南京航空航天大学,江苏,江苏-南京市,南京市,211,,公办院校,工科类院校,工业和信息化部,大学,
54,西北大学,陕西,陕西-西安市,西安市,211,,公办院校,综合类院校,陕西省教育厅,大学,
55,北京科技大学,,北京市,,211,,公办院校,工科类院校,教育部,大学,
56,中国矿业大学,江苏,江苏-徐州市,徐州市,211,,公办院校,工科类院校,教育部,大学,
57,北京协和医学院,,北京市,,211,985,公办院校,医药类院校,卫生部,学院,
58,上海大学,,上海市,,211,,公办院校,综合类院校,上海市教育委员会,大学,
59,南昌大学,江西,江西-南昌市,南昌市,211,,公办院校,综合类院校,江西省教育厅,大学,
60,西北农林科技大学,陕西,陕西-咸阳市,咸阳市,211,985,公办院校,农业类院校,教育部,大学,
61,湖南师范大学,湖南,湖南-长沙市,长沙市,211,,公办院校,师范类院校,湖南省教育厅,大学,
62,云南大学,云南,云南-昆明市,昆明市,211,,公办院校,综合类院校,云南省教育厅,大学,
63,哈尔滨工程大学,黑龙江,黑龙江-哈尔滨市,哈尔滨市,211,,公办院校,工科类院校,工业和信息化部,大学,
64,东华大学,,上海市,,211,,公办院校,工科类院校,教育部,大学,
65,华南师范大学,广东,广东-广州市,广州市,211,,公办院校,师范类院校,广东省教育厅,大学,
66,上海财经大学,,上海市,,211,,公办院校,财经类院校,教育部,大学,
67,陕西师范大学,陕西,陕西-西安市,西安市,211,,公办院校,师范类院校,教育部,大学,
68,中国政法大学,,北京市,,211,,公办院校,政法类院校,教育部,大学,
69,暨南大学,广东,广东-广州市,广州市,211,,公办院校,综合类院校,国务院侨务办公室,大学,
70,北京邮电大学,,北京市,,211,,公办院校,工科类院校,教育部,大学,
71,江南大学,江苏,江苏-无锡市,无锡市,211,,公办院校,综合类院校,教育部,大学,
72,合肥工业大学,安徽,安徽-合肥市,合肥市,211,,公办院校,工科类院校,教育部,大学,
73,北京化工大学,,北京市,,211,,公办院校,工科类院校,教育部,大学,
74,中南财经政法大学,湖北,湖北-武汉市,武汉市,211,,公办院校,财经类院校,教育部,大学,
75,福建师范大学,福建,福建-福州市,福州市,,,公办院校,师范类院校,福建省教育厅,大学,
76,深圳大学,广东,广东-深圳市,深圳市,,,公办院校,综合类院校,广东省教育厅,大学,
77,中国地质大学(武汉),湖北,湖北-武汉市,武汉市,211,,公办院校,工科类院校,教育部,大学,
78,福州大学,福建,福建-福州市,福州市,211,,公办院校,工科类院校,福建省教育厅,大学,
79,山西大学,山西,山西-太原市,太原市,,,公办院校,综合类院校,山西省教育厅,大学,
80,西南财经大学,四川,四川-成都市,成都市,211,,公办院校,财经类院校,教育部,大学,
81,广西大学,广西,广西-南宁市,南宁市,211,,公办院校,综合类院校,广西壮族自治区教育厅,大学,
82,首都师范大学,,北京市,,,,公办院校,师范类院校,北京市教育委员会,大学,
83,华南农业大学,广东,广东-广州市,广州市,,,公办院校,农业类院校,广东省教育厅,大学,
84,北京工业大学,,北京市,,211,,公办院校,工科类院校,北京市教育委员会,大学,
85,河南大学,河南,河南-开封市,开封市,,,公办院校,综合类院校,河南省教育厅,大学,
86,北京林业大学,,北京市,,211,,公办院校,林业类院校,教育部,大学,
87,浙江工业大学,浙江,浙江-杭州市,杭州市,,,公办院校,工科类院校,浙江省教育厅,大学,
88,燕山大学,河北,河北-秦皇岛市,秦皇岛市,,,公办院校,工科类院校,河北省教育厅,大学,
89,昆明理工大学,云南,云南-昆明市,昆明市,,,公办院校,工科类院校,云南省教育厅,大学,
90,中央民族大学,,北京市,,211,985,公办院校,民族类院校,国家民族事务委员会,大学,
91,中国石油大学(华东),山东,山东-东营市,东营市,211,,公办院校,工科类院校,教育部,大学,
92,对外经济贸易大学,,北京市,,211,,公办院校,财经类院校,教育部,大学,
93,浙江师范大学,浙江,浙江-金华市,金华市,,,公办院校,师范类院校,浙江省教育厅,大学,
94,首都医科大学,,北京市,,,,公办院校,医药类院校,北京市教育委员会,大学,
95,安徽大学,安徽,安徽-合肥市,合肥市,211,,公办院校,综合类院校,安徽省人民政府,大学,
96,南京工业大学,江苏,江苏-南京市,南京市,,,公办院校,工科类院校,江苏省教育厅,大学,
97,上海理工大学,,上海市,,,,公办院校,工科类院校,上海市教育委员会,大学,
98,杭州电子科技大学,浙江,浙江-杭州市,杭州市,,,公办院校,工科类院校,浙江省教育厅,大学,
99,天津师范大学,,天津市,,,,公办院校,师范类院校,天津市教育委员会,大学,
100,河北大学,河北,河北-保定市,保定市,,,公办院校,综合类院校,河北省教育厅,大学,
101,东北林业大学,黑龙江,黑龙江-哈尔滨市,哈尔滨市,211,,公办院校,林业类院校,教育部,大学,
102,湘潭大学,湖南,湖南-湘潭市,湘潭市,,,公办院校,综合类院校,湖南省教育厅,大学,
103,新疆大学,新疆,新疆-乌鲁木齐市,乌鲁木齐市,211,,公办院校,综合类院校,新疆维吾尔自治区教育厅,大学,
104,宁波大学,浙江,浙江-宁波市,宁波市,,,公办院校,综合类院校,浙江省教育厅,大学,
105,黑龙江大学,黑龙江,黑龙江-哈尔滨市,哈尔滨市,,,公办院校,综合类院校,黑龙江省教育厅,大学,
106,扬州大学,江苏,江苏-扬州市,扬州市,,,公办院校,综合类院校,江苏省教育厅,大学,
107,安徽师范大学,安徽,安徽-合肥市,合肥市,,,公办院校,师范类院校,安徽省教育厅,大学,
108,山东师范大学,山东,山东-济南市,济南市,,,公办院校,师范类院校,山东省教育厅,大学,
109,中央财经大学,,北京市,,211,,公办院校,财经类院校,教育部,大学,
110,江苏大学,江苏,江苏-镇江市,镇江市,,,公办院校,综合类院校,江苏省教育厅,大学,
111,上海师范大学,,上海市,,,,公办院校,师范类院校,上海市教育委员会,大学,
112,大连海事大学,辽宁,辽宁-大连市,大连市,211,,公办院校,工科类院校,交通部,大学,
113,辽宁大学,辽宁,辽宁-沈阳市,沈阳市,211,,公办院校,综合类院校,辽宁省教育厅,大学,
114,太原理工大学,山西,山西-太原市,太原市,211,,公办院校,工科类院校,山西省教育厅,大学,
115,华北电力大学,,北京市,,211,,公办院校,工科类院校,教育部,大学,
116,中国石油大学(北京),,北京市,,211,,公办院校,工科类院校,教育部,大学,
117,东北财经大学,辽宁,辽宁-大连市,大连市,,,公办院校,财经类院校,辽宁省教育厅,大学,
118,南方医科大学,广东,广东-广州市,广州市,,,公办院校,医药类院校,广东省教育厅,大学,
119,青岛大学,山东,山东-青岛市,青岛市,,,公办院校,综合类院校,山东省教育厅,大学,
120,长沙理工大学,湖南,湖南-长沙市,长沙市,,,公办院校,工科类院校,湖南省教育厅,大学,
121,天津医科大学,,天津市,,211,,公办院校,医药类院校,天津市教育委员会,大学,
122,中国药科大学,江苏,江苏-南京市,南京市,211,,公办院校,医药类院校,教育部,大学,
123,北京中医药大学,,北京市,,211,,公办院校,医药类院校,教育部,大学,
124,浙江工商大学,浙江,浙江-杭州市,杭州市,,,公办院校,财经类院校,浙江省教育厅,大学,
125,福建农林大学,福建,福建-福州市,福州市,,,公办院校,农业类院校,福建省教育厅,大学,
126,江西师范大学,江西,江西-南昌市,南昌市,,,公办院校,师范类院校,江西省教育厅,大学,
127,哈尔滨医科大学,黑龙江,黑龙江-哈尔滨市,哈尔滨市,,,公办院校,医药类院校,黑龙江省教育厅,大学,
128,西北师范大学,甘肃,甘肃-兰州市,兰州市,,,公办院校,师范类院校,甘肃省教育厅,大学,
129,南京邮电大学,江苏,江苏-南京市,南京市,,,公办院校,综合类院校,江苏省教育厅,大学,
130,南京医科大学,江苏,江苏-南京市,南京市,,,公办院校,医药类院校,江苏省教育厅,大学,
131,西南政法大学,,重庆市,,,,公办院校,政法类院校,重庆市教育委员会,大学,
132,中国地质大学(北京),,北京市,,211,,公办院校,工科类院校,教育部,大学,
133,湖北大学,湖北,湖北-武汉市,武汉市,,,公办院校,综合类院校,湖北省教育厅,大学,
134,山东农业大学,山东,山东-泰安市,泰安市,,,公办院校,农业类院校,山东省教育厅,大学,
135,海南大学,海南,海南-海口市,海口市,211,,公办院校,综合类院校,海南省教育厅,大学,
136,武汉科技大学,湖北,湖北-武汉市,武汉市,,,公办院校,工科类院校,湖北省教育厅,大学,
137,内蒙古大学,内蒙古,内蒙古-呼和浩特市,呼和浩特市,211,,公办院校,综合类院校,内蒙古自治区教育厅,大学,
138,云南师范大学,云南,云南-昆明市,昆明市,,,公办院校,师范类院校,云南省教育厅,大学,
139,西安建筑科技大学,陕西,陕西-西安市,西安市,,,公办院校,工科类院校,陕西省教育厅,大学,
140,贵州大学,贵州,贵州-贵阳市,贵阳市,211,,公办院校,综合类院校,贵州省教育厅,大学,
141,江西财经大学,江西,江西-南昌市,南昌市,,,公办院校,财经类院校,江西省教育厅,大学,
142,华侨大学,福建,福建-泉州市,泉州市,,,公办院校,综合类院校,国务院侨务办公室,大学,
143,石河子大学,新疆,新疆-自治区直辖,自治区直辖,211,,公办院校,综合类院校,新疆生产建设兵团,大学,
144,汕头大学,广东,广东-汕头市,汕头市,,,公办院校,综合类院校,广东省教育厅,大学,
145,东北农业大学,黑龙江,黑龙江-哈尔滨市,哈尔滨市,211,,公办院校,农业类院校,黑龙江省教育厅,大学,
146,中国医科大学,辽宁,辽宁-沈阳市,沈阳市,,,公办院校,医药类院校,辽宁省教育厅,大学,
147,四川农业大学,四川,四川-雅安市,雅安市,211,,公办院校,农业类院校,四川省教育厅,大学,
148,广西师范大学,广西,广西-桂林市,桂林市,,,公办院校,师范类院校,广西壮族自治区教育厅,大学,
149,河南农业大学,河南,河南-郑州市,郑州市,,,公办院校,农业类院校,河南省教育厅,大学,
150,上海中医药大学,,上海市,,,,公办院校,医药类院校,上海市教育委员会,大学,
151,杭州师范大学,浙江,浙江-杭州市,杭州市,,,公办院校,师范类院校,浙江省教育厅,大学,
152,湖南农业大学,湖南,湖南-长沙市,长沙市,,,公办院校,农业类院校,湖南省教育厅,大学,
153,广东外语外贸大学,广东,广东-广州市,广州市,,,公办院校,语言类院校,广东省教育厅,大学,
154,中国矿业大学(北京),,北京市,,211,,公办院校,工科类院校,教育部,大学,
155,广州大学,广东,广东-广州市,广州市,,,公办院校,综合类院校,广东省教育厅,大学,
156,浙江理工大学,浙江,浙江-杭州市,杭州市,,,公办院校,工科类院校,浙江省教育厅,大学,
157,河北工业大学,,天津市,,211,,公办院校,工科类院校,河北省教育厅,大学,
158,河南师范大学,河南,河南-新乡市,新乡市,,,公办院校,师范类院校,河南省教育厅,大学,
159,山东科技大学,山东,山东-泰安市,泰安市,,,公办院校,综合类院校,山东省教育厅,大学,
160,南京林业大学,江苏,江苏-南京市,南京市,,,公办院校,林业类院校,江苏省教育厅,大学,
161,广东工业大学,广东,广东-广州市,广州市,,,公办院校,工科类院校,广东省教育厅,大学,
162,河北师范大学,河北,河北-石家庄市,石家庄市,,,公办院校,师范类院校,河北省教育厅,大学,
163,西安理工大学,陕西,陕西-西安市,西安市,,,公办院校,工科类院校,陕西省教育厅,大学,
164,南京信息工程大学,江苏,江苏-南京市,南京市,,,公办院校,工科类院校,江苏省教育厅,大学,
165,首都经济贸易大学,,北京市,,,,公办院校,财经类院校,北京市教育委员会,大学,
166,成都理工大学,四川,四川-成都市,成都市,,,公办院校,工科类院校,四川省教育厅,学院,一本
167,北京语言大学,,北京市,,,,公办院校,语言类院校,教育部,大学,
168,华东政法大学,,上海市,,,,公办院校,政法类院校,上海市教育委员会,大学,
169,天津工业大学,,天津市,,,,公办院校,工科类院校,天津市教育委员会,大学,
170,中北大学,山西,山西-太原市,太原市,,,公办院校,工科类院校,山西省教育厅,大学,
171,重庆医科大学,,重庆市,,,,公办院校,医药类院校,重庆市教育委员会,大学,
172,长春理工大学,吉林,吉林-长春市,长春市,,,公办院校,工科类院校,吉林省教育厅,大学,
173,河北农业大学,河北,河北-保定市,保定市,,,公办院校,农业类院校,河北省教育厅,大学,
174,济南大学,山东,山东-济南市,济南市,,,公办院校,综合类院校,山东省教育厅,大学,
175,青岛科技大学,山东,山东-青岛市,青岛市,,,公办院校,工科类院校,山东省教育厅,大学,
176,中南民族大学,湖北,湖北-武汉市,武汉市,,,公办院校,民族类院校,国家民族事务委员会,大学,
177,江苏师范大学,江苏,江苏-徐州市,徐州市,,,公办院校,师范类院校,江苏省教育厅,大学,
178,东北电力大学,吉林,吉林-吉林市,吉林市,,,公办院校,工科类院校,吉林省教育厅,大学,
179,宁夏大学,宁夏,宁夏-银川市,银川市,211,,公办院校,综合类院校,宁夏回族自治区教育厅,大学,
180,重庆邮电大学,,重庆市,,,,公办院校,工科类院校,重庆市教育委员会,大学,
181,河南科技大学,河南,河南-洛阳市,洛阳市,,,公办院校,工科类院校,河南省教育厅,大学,
182,沈阳农业大学,辽宁,辽宁-沈阳市,沈阳市,,,公办院校,农业类院校,辽宁省教育厅,大学,
183,哈尔滨理工大学,黑龙江,黑龙江-哈尔滨市,哈尔滨市,,,公办院校,工科类院校,黑龙江省教育厅,大学,
184,河南工业大学,河南,河南-郑州市,郑州市,,,公办院校,工科类院校,河南省教育厅,大学,
186,延边大学,吉林,吉林-延边朝鲜族自治州,延边朝鲜族自治州,211,,公办院校,综合类院校,教育部,大学,
187,中国计量大学,浙江,浙江-杭州市,杭州市,,,公办院校,工科类院校,浙江省教育厅,学院,
188,四川师范大学,四川,四川-成都市,成都市,,,公办院校,师范类院校,四川省教育厅,大学,
189,兰州交通大学,甘肃,甘肃-兰州市,兰州市,,,公办院校,工科类院校,甘肃省教育厅,大学,
190,云南民族大学,云南,云南-昆明市,昆明市,,,公办院校,民族类院校,云南省教育厅,大学,
191,南京中医药大学,江苏,江苏-南京市,南京市,,,公办院校,医药类院校,江苏省教育厅,大学,
192,西南石油大学,四川,四川-成都市,成都市,,,公办院校,工科类院校,四川省教育厅,大学,
193,湖南科技大学,湖南,湖南-湘潭市,湘潭市,,,公办院校,综合类院校,湖南省教育厅,大学,
194,重庆交通大学,,重庆市,,,,公办院校,工科类院校,重庆市教育委员会,大学,
195,大连大学,辽宁,辽宁-大连市,大连市,,,公办院校,综合类院校,辽宁省教育厅,大学,
196,哈尔滨师范大学,黑龙江,黑龙江-哈尔滨市,哈尔滨市,,,公办院校,师范类院校,黑龙江省教育厅,大学,
197,广州中医药大学,广东,广东-广州市,广州市,,,公办院校,医药类院校,广东省教育厅,大学,
198,云南农业大学,云南,云南-昆明市,昆明市,,,公办院校,农业类院校,云南省教育厅,大学,
199,长江大学,湖北,湖北-荆州市,荆州市,,,公办院校,综合类院校,湖北省教育厅,大学,
200,河南理工大学,河南,河南-焦作市,焦作市,,,公办院校,工科类院校,河南省教育厅,大学,
201,辽宁师范大学,辽宁,辽宁-大连市,大连市,,,公办院校,师范类院校,辽宁省教育厅,大学,
202,西南民族大学,四川,四川-成都市,成都市,,,公办院校,民族类院校,国家民族事务委员会,大学,
203,山东理工大学,山东,山东-淄博市,淄博市,,,公办院校,工科类院校,山东省教育厅,大学,
204,曲阜师范大学,山东,山东-济宁市,济宁市,,,公办院校,师范类院校,山东省教育厅,大学,
205,西安科技大学,陕西,陕西-西安市,西安市,,,公办院校,工科类院校,陕西省教育厅,大学,
206,温州大学,浙江,浙江-温州市,温州市,,,公办院校,工科类院校,浙江省教育厅,大学,
207,兰州理工大学,甘肃,甘肃-兰州市,兰州市,,,公办院校,工科类院校,甘肃省教育厅,大学,
208,南通大学,江苏,江苏-南通市,南通市,,,公办院校,综合类院校,江苏省教育厅,大学,
209,天津中医药大学,,天津市,,,,公办院校,医药类院校,天津市教育委员会,大学,
210,内蒙古农业大学,内蒙古,内蒙古-呼和浩特市,呼和浩特市,,,公办院校,农业类院校,内蒙古自治区教育厅,大学,
211,北京工商大学,,北京市,,,,公办院校,综合类院校,北京市教育委员会,大学,
212,三峡大学,湖北,湖北-宜昌市,宜昌市,,,公办院校,综合类院校,湖北省教育厅,大学,
213,天津科技大学,,天津市,,,,公办院校,工科类院校,天津市教育委员会,大学,
214,安徽农业大学,安徽,安徽-合肥市,合肥市,,,公办院校,农业类院校,安徽省教育厅,大学,
215,东北石油大学,黑龙江,黑龙江-大庆市,大庆市,,,公办院校,工科类院校,黑龙江省教育厅,大学,
216,上海海事大学,,上海市,,,,公办院校,工科类院校,上海市教育委员会,大学,
217,辽宁工程技术大学,辽宁,辽宁-阜新市,阜新市,,,公办院校,工科类院校,辽宁省教育厅,大学,
218,天津理工大学,,天津市,,,,公办院校,工科类院校,天津市教育委员会,大学,
219,新疆农业大学,新疆,新疆-乌鲁木齐市,乌鲁木齐市,,,公办院校,农业类院校,新疆维吾尔自治区教育厅,大学,
220,中南林业科技大学,湖南,湖南-长沙市,长沙市,,,公办院校,林业类院校,湖南省教育厅,大学,
221,沈阳工业大学,辽宁,辽宁-沈阳市,沈阳市,,,公办院校,工科类院校,辽宁省教育厅,大学,
222,安徽理工大学,安徽,安徽-淮南市,淮南市,,,公办院校,工科类院校,安徽省教育厅,大学,
223,吉林农业大学,吉林,吉林-长春市,长春市,,,公办院校,农业类院校,吉林省教育厅,大学,
224,安徽工业大学,安徽,安徽-马鞍山市,马鞍山市,,,公办院校,工科类院校,安徽省教育厅,大学,
225,内蒙古师范大学,内蒙古,内蒙古-呼和浩特市,呼和浩特市,,,公办院校,师范类院校,内蒙古自治区教育厅,大学,
226,上海海洋大学,,上海市,,,,公办院校,农业类院校,上海市教育委员会,大学,
227,安徽财经大学,安徽,安徽-合肥市,合肥市,,,公办院校,财经类院校,安徽省教育厅,大学,
228,天津财经大学,,天津市,,,,公办院校,财经类院校,天津市教育委员会,大学,
232,西藏大学,西藏,西藏-拉萨市,拉萨市,211,,公办院校,综合类院校,西藏自治区教育厅,大学,
233,湖北工业大学,湖北,湖北-武汉市,武汉市,,,公办院校,工科类院校,湖北省教育厅,大学,
234,桂林电子科技大学,广西,广西-桂林市,桂林市,,,公办院校,工科类院校,广西壮族自治区教育厅,大学,
235,西南科技大学,四川,四川-绵阳市,绵阳市,,,公办院校,工科类院校,四川省教育厅,大学,
236,江西农业大学,江西,江西-南昌市,南昌市,,,公办院校,农业类院校,江西省教育厅,大学,
237,广西民族大学,广西,广西-南宁市,南宁市,,,公办院校,民族类院校,广西壮族自治区教育厅,大学,
238,贵州师范大学,贵州,贵州-贵阳市,贵阳市,,,公办院校,师范类院校,贵州省教育厅,大学,
239,山东财经大学,山东,山东-济南市,济南市,,,公办院校,财经类院校,财政部教育部山东省人民政府,大学,
240,江西理工大学,江西,江西-赣州市,赣州市,,,公办院校,工科类院校,江西省教育厅,大学,
241,重庆师范大学,,重庆市,,,,公办院校,师范类院校,重庆市教育委员会,大学,
242,西北民族大学,甘肃,甘肃-兰州市,兰州市,,,公办院校,民族类院校,国家民族事务委员会,大学,
244,浙江财经大学,浙江,浙江-杭州市,杭州市,,,公办院校,财经类院校,浙江省教育厅,学院,
246,新疆师范大学,新疆,新疆-乌鲁木齐市,乌鲁木齐市,,,公办院校,师范类院校,新疆维吾尔自治区教育厅,大学,
247,烟台大学,山东,山东-烟台市,烟台市,,,公办院校,综合类院校,山东省教育厅,大学,
248,陕西科技大学,陕西,陕西-西安市,西安市,,,公办院校,工科类院校,陕西省教育厅,大学,
249,甘肃农业大学,甘肃,甘肃-兰州市,兰州市,,,公办院校,农业类院校,甘肃省教育厅,大学,
250,青岛理工大学,山东,山东-青岛市,青岛市,,,公办院校,工科类院校,山东省教育厅,大学,
251,华东交通大学,江西,江西-南昌市,南昌市,,,公办院校,工科类院校,江西省教育厅,大学,
252,集美大学,福建,福建-厦门市,厦门市,,,公办院校,综合类院校,福建省教育厅,大学,
255,大连工业大学,辽宁,辽宁-大连市,大连市,,,公办院校,工科类院校,辽宁省教育厅,大学,
256,重庆工商大学,,重庆市,,,,公办院校,综合类院校,重庆市教育委员会,大学,
257,浙江农林大学,浙江,浙江-杭州市,杭州市,,,公办院校,林业类院校,浙江省教育厅,大学,
258,山西师范大学,山西,山西-临汾市,临汾市,,,公办院校,师范类院校,山西省教育厅,大学,
259,石家庄铁道大学,河北,河北-石家庄市,石家庄市,,,公办院校,工科类院校,河北省教育厅,大学,
260,南京财经大学,江苏,江苏-南京市,南京市,,,公办院校,财经类院校,江苏省教育厅,大学,
261,河北科技大学,河北,河北-石家庄市,石家庄市,,,公办院校,工科类院校,河北省教育厅,大学,
262,南华大学,湖南,湖南-衡阳市,衡阳市,,,公办院校,综合类院校,湖南省教育厅,大学,
263,南昌航空大学,江西,江西-南昌市,南昌市,,,公办院校,工科类院校,江西省教育厅,大学,
264,武汉纺织大学,湖北,湖北-武汉市,武汉市,,,公办院校,工科类院校,湖北省教育厅,大学,
265,桂林理工大学,广西,广西-桂林市,桂林市,,,公办院校,工科类院校,广西壮族自治区教育厅,大学,
266,沈阳师范大学,辽宁,辽宁-沈阳市,沈阳市,,,公办院校,师范类院校,辽宁省教育厅,大学,
267,景德镇陶瓷大学,江西,江西-景德镇市,景德镇市,,,公办院校,工科类院校,江西省教育厅,学院,
268,哈尔滨商业大学,黑龙江,黑龙江-哈尔滨市,哈尔滨市,,,公办院校,财经类院校,黑龙江省教育厅,大学,
269,中国民航大学,,天津市,,,,公办院校,工科类院校,中国民用航空总局,大学,
270,东华理工大学,江西,江西-抚州市,抚州市,,,公办院校,工科类院校,江西省教育厅,大学,
271,长春工业大学,吉林,吉林-长春市,长春市,,,公办院校,工科类院校,吉林省教育厅,大学,
272,沈阳建筑大学,辽宁,辽宁-沈阳市,沈阳市,,,公办院校,工科类院校,辽宁省教育厅,大学,
273,北华大学,吉林,吉林-吉林市,吉林市,,,公办院校,综合类院校,吉林省教育厅,大学,二本
274,浙江海洋大学,浙江,浙江-舟山市,舟山市,,,公办院校,农业类院校,浙江省教育厅,学院,
275,武汉工程大学,湖北,湖北-武汉市,武汉市,,,公办院校,工科类院校,湖北省教育厅,大学,
276,江苏科技大学,江苏,江苏-镇江市,镇江市,,,公办院校,工科类院校,江苏省教育厅,大学,
277,青海大学,青海,青海-西宁市,西宁市,211,,公办院校,综合类院校,青海省教育厅,大学,
278,北京建筑大学,,北京市,,,,公办院校,工科类院校,北京市教育委员会,学院,
280,华北理工大学,河北,河北-唐山市,唐山市,,,公办院校,工科类院校,河北省人民政府,大学,
282,常州大学,江苏,江苏-常州市,常州市,,,公办院校,工科类院校,江苏省教育厅,大学,
283,上海对外经贸大学,,上海市,,,,公办院校,财经类院校,上海市教育委员会,学院,
284,内蒙古科技大学,内蒙古,内蒙古-包头市,包头市,,,公办院校,综合类院校,内蒙古自治区教育厅,大学,
285,内蒙古工业大学,内蒙古,内蒙古-呼和浩特市,呼和浩特市,,,公办院校,工科类院校,内蒙古自治区教育厅,大学,
286,上海工程技术大学,,上海市,,,,公办院校,工科类院校,上海市教育委员会,大学,
287,大连交通大学,辽宁,辽宁-大连市,大连市,,,公办院校,工科类院校,辽宁省教育厅,大学,
289,西北政法大学,陕西,陕西-西安市,西安市,,,公办院校,政法类院校,陕西省教育厅,大学,
290,云南财经大学,云南,云南-昆明市,昆明市,,,公办院校,财经类院校,云南省教育厅,大学,
291,鲁东大学,山东,山东-烟台市,烟台市,,,公办院校,综合类院校,山东省教育厅,大学,
292,海南师范大学,海南,海南-海口市,海口市,,,公办院校,师范类院校,海南省教育厅,大学,
293,重庆理工大学,,重庆市,,,,公办院校,工科类院校,重庆市教育委员会,大学,
294,吉林师范大学,吉林,吉林-四平市,四平市,,,公办院校,师范类院校,吉林省教育厅,大学,
295,青海师范大学,青海,青海-西宁市,西宁市,,,公办院校,师范类院校,青海省教育厅,大学,
296,西华大学,四川,四川-成都市,成都市,,,公办院校,综合类院校,四川省教育厅,大学,
297,聊城大学,山东,山东-聊城市,聊城市,,,公办院校,综合类院校,山东省教育厅,大学,
299,齐鲁工业大学,山东,山东-济南市,济南市,,,公办院校,工科类院校,山东省教育厅,学院,
300,吉首大学,湖南,湖南-湘西土家族苗族自治州,湘西土家族苗族自治州,,,公办院校,综合类院校,湖南省教育厅,大学,
302,河南财经政法大学,河南,河南-郑州市,郑州市,,,公办院校,财经类院校,河南省教育厅,大学,
303,北京信息科技大学,,北京市,,,,公办院校,工科类院校,北京市教育委员会,大学,
304,山西财经大学,山西,山西-太原市,太原市,,,公办院校,财经类院校,山西省教育厅,大学,
305,西安石油大学,陕西,陕西-西安市,西安市,,,公办院校,工科类院校,陕西省教育厅,大学,
307,广东财经大学,广东,广东-广州市,广州市,,,公办院校,财经类院校,广东省教育厅,学院,
308,沈阳航空航天大学,辽宁,辽宁-沈阳市,沈阳市,,,公办院校,工科类院校,辽宁省教育厅,大学,
309,北京联合大学,,北京市,,,,公办院校,综合类院校,北京市教育委员会,大学,
312,西华师范大学,四川,四川-南充市,南充市,,,公办院校,师范类院校,四川省教育厅,大学,
313,山东建筑大学,山东,山东-济南市,济南市,,,公办院校,工科类院校,山东省教育厅,大学,
314,华北水利水电大学,河南,河南-郑州市,郑州市,,,公办院校,工科类院校,河南省教育厅,学院,
316,太原科技大学,山西,山西-太原市,太原市,,,公办院校,工科类院校,山西省教育厅,大学,
317,成都信息工程大学,四川,四川-成都市,成都市,,,公办院校,工科类院校,四川省教育厅,学院,
318,安徽建筑大学,安徽,安徽-合肥市,合肥市,,,公办院校,工科类院校,安徽省教育厅,大学,
319,北方工业大学,,北京市,,,,公办院校,工科类院校,北京市教育委员会,大学,
320,山西农业大学,山西,山西-晋中市,晋中市,,,公办院校,农业类院校,山西省教育厅,大学,
322,渤海大学,辽宁,辽宁-锦州市,锦州市,,,公办院校,综合类院校,辽宁省教育厅,大学,
323,河北经贸大学,河北,河北-石家庄市,石家庄市,,,公办院校,财经类院校,河北省教育厅,大学,
324,北方民族大学,宁夏,宁夏-银川市,银川市,,,公办院校,民族类院校,国家民族事务委员会,大学,
325,青海民族大学,青海,青海-西宁市,西宁市,,,公办院校,民族类院校,青海省教育厅,大学,
326,西安工业大学,陕西,陕西-西安市,西安市,,,公办院校,工科类院校,陕西省教育厅,大学,
328,天津商业大学,,天津市,,,,公办院校,财经类院校,天津市教育委员会,大学,
329,吉林财经大学,吉林,吉林-长春市,长春市,,,公办院校,财经类院校,吉林省教育厅,大学,
332,内蒙古民族大学,内蒙古,内蒙古-通辽市,通辽市,,,公办院校,综合类院校,内蒙古自治区教育厅,大学,
333,西藏民族大学,陕西,陕西-咸阳市,咸阳市,,,公办院校,民族类院校,西藏自治区教育厅,学院,
334,西安工程大学,陕西,陕西-西安市,西安市,,,公办院校,工科类院校,陕西省教育厅,大学,
335,大连海洋大学,辽宁,辽宁-大连市,大连市,,,公办院校,农业类院校,辽宁省教育厅,大学,
337,安徽工程大学,安徽,安徽-芜湖市,芜湖市,,,公办院校,工科类院校,安徽省教育厅,大学,
338,青岛农业大学,山东,山东-青岛市,青岛市,,,公办院校,农业类院校,山东省教育厅,大学,
341,贵州民族大学,贵州,贵州-贵阳市,贵阳市,,,公办院校,民族类院校,贵州省教育厅,学院,
342,西安邮电大学,陕西,陕西-西安市,西安市,,,公办院校,工科类院校,陕西省教育厅,学院,
344,辽宁科技大学,辽宁,辽宁-鞍山市,鞍山市,,,公办院校,工科类院校,辽宁省教育厅,大学,
345,辽宁石油化工大学,辽宁,辽宁-抚顺市,抚顺市,,,公办院校,工科类院校,辽宁省教育厅,大学,
346,湖南工业大学,湖南,湖南-株洲市,株洲市,,,公办院校,工科类院校,湖南省教育厅,大学,
347,武汉轻工大学,湖北,湖北-武汉市,武汉市,,,公办院校,工科类院校,湖北省教育厅,学院,
353,贵州财经大学,贵州,贵州-贵阳市,贵阳市,,,公办院校,财经类院校,贵州省教育厅,学院,
354,黑龙江科技大学,黑龙江,黑龙江-哈尔滨市,哈尔滨市,,,公办院校,工科类院校,黑龙江省教育厅,学院,
355,沈阳化工大学,辽宁,辽宁-沈阳市,沈阳市,,,公办院校,工科类院校,辽宁省教育厅,大学,
356,延安大学,陕西,陕西-延安市,延安市,,,公办院校,综合类院校,陕西省教育厅,大学,
357,西南林业大学,云南,云南-昆明市,昆明市,,,公办院校,林业类院校,云南省教育厅,大学,
358,赣南师范大学,江西,江西-赣州市,赣州市,,,公办院校,师范类院校,江西省教育厅,学院,
359,天津职业技术师范大学,,天津市,,,,公办院校,师范类院校,天津市教育委员会,大学,
361,淮北师范大学,安徽,安徽-淮北市,淮北市,,,公办院校,师范类院校,安徽省教育厅,大学,
363,塔里木大学,新疆,新疆-自治区直辖,自治区直辖,,,公办院校,综合类院校,新疆生产建设兵团,大学,
364,南京审计大学,江苏,江苏-南京市,南京市,,,公办院校,财经类院校,江苏省教育厅,学院,
365,临沂大学,山东,山东-临沂市,临沂市,,,公办院校,师范类院校,山东省教育厅,学院,
367,河北地质大学,河北,河北-石家庄市,石家庄市,,,公办院校,财经类院校,河北省教育厅,学院,
368,齐齐哈尔大学,黑龙江,黑龙江-齐齐哈尔市,齐齐哈尔市,,,公办院校,综合类院校,黑龙江省教育厅,大学,
371,广东海洋大学,广东,广东-湛江市,湛江市,,,公办院校,农业类院校,广东省教育厅,大学,
372,大连民族大学,辽宁,辽宁-大连市,大连市,,,公办院校,民族类院校,国家民族事务委员会,大学,
374,苏州科技大学,江苏,江苏-苏州市,苏州市,,,公办院校,工科类院校,江苏省教育厅,学院,
376,辽宁工业大学,辽宁,辽宁-锦州市,锦州市,,,公办院校,工科类院校,辽宁省教育厅,大学,
377,黑龙江八一农垦大学,黑龙江,黑龙江-大庆市,大庆市,,,公办院校,农业类院校,黑龙江省教育厅,大学,二本B
378,沈阳理工大学,辽宁,辽宁-沈阳市,沈阳市,,,公办院校,工科类院校,辽宁省教育厅,大学,
380,上海应用技术大学,,上海市,,,,公办院校,工科类院校,上海市教育委员会,学院,
383,新疆财经大学,新疆,新疆-乌鲁木齐市,乌鲁木齐市,,,公办院校,财经类院校,新疆维吾尔自治区教育厅,大学,
386,兰州财经大学,甘肃,甘肃-兰州市,兰州市,,,公办院校,财经类院校,甘肃省教育厅,学院,
389,河北工程大学,河北,河北-邯郸市,邯郸市,,,公办院校,工科类院校,河北省教育厅,大学,
399,内蒙古财经大学,内蒙古,内蒙古-呼和浩特市,呼和浩特市,,,公办院校,财经类院校,内蒙古自治区教育厅,大学,
402,沈阳大学,辽宁,辽宁-沈阳市,沈阳市,,,公办院校,综合类院校,辽宁省教育厅,大学,
403,佳木斯大学,黑龙江,黑龙江-佳木斯市,佳木斯市,,,公办院校,综合类院校,黑龙江省教育厅,大学,
404,安庆师范大学,安徽,安徽-安庆市,安庆市,,,公办院校,师范类院校,安徽省教育厅,大学,
407,长春大学,吉林,吉林-长春市,长春市,,,公办院校,综合类院校,吉林省教育厅,大学,
408,江西科技师范大学,江西,江西-南昌市,南昌市,,,公办院校,师范类院校,江西省教育厅,学院,
411,闽南师范大学,福建,福建-漳州市,漳州市,,,公办院校,师范类院校,福建省教育厅,学院,
415,天津城建大学,,天津市,,,,公办院校,工科类院校,天津市教育委员会,大学,
417,大理大学,云南,云南-大理白族自治州,大理白族自治州,,,公办院校,综合类院校,云南省教育厅,学院,二本
430,长春师范大学,吉林,吉林-长春市,长春市,,,公办院校,师范类院校,吉林省教育厅,学院,
436,吉林建筑大学,吉林,吉林-长春市,长春市,,,公办院校,工科类院校,吉林省教育厅,学院,
439,江汉大学,湖北,湖北-武汉市,武汉市,,,公办院校,综合类院校,湖北省教育厅,大学,
441,五邑大学,广东,广东-江门市,江门市,,,公办院校,综合类院校,广东省教育厅,大学,
448,湖北师范大学,湖北,湖北-黄石市,黄石市,,,公办院校,师范类院校,湖北省教育厅,学院,
454,上海第二工业大学,,上海市,,,,公办院校,工科类院校,上海市教育委员会,高等职业技术学校,二本
511,山西大同大学,山西,山西-大同市,大同市,,,公办院校,综合类院校,山西省教育厅,大学,
549,喀什大学,新疆,新疆-喀什地区,喀什地区,,,公办院校,师范类院校,新疆维吾尔自治区教育厅,学院,
592,贵州理工学院,贵州,贵州-贵阳市,贵阳市,,,公办院校,工科类院校,省属高校,大学,
615,安阳工学院,河南,河南-安阳市,安阳市,,,公办院校,工科类院校,河南省教育厅,学院,
717,天津中德应用技术大学,,天津市,,,,公办院校,工科类院校,天津市教育委员会,大学,
723,电子科技大学(沙河校区),四川,四川-成都市,成都市,211,985,公办院校,工科类院校,教育部,大学,
724,中国人民解放军第四军医大学,陕西,陕西-西安市,西安市,,,公办院校,军事类院校,中国人民解放军总后勤部,大学,
727,中国人民解放军空军工程大学,陕西,陕西-西安市,西安市,,,公办院校,军事类院校,中国人民解放军空军,大学,
731,东南大学医学院,江苏,江苏-南京市,南京市,,,公办院校,综合类院校,教育部,大学,
732,上海外国语大学,,上海市,,211,,公办院校,语言类院校,教育部,大学,
733,中国传媒大学,,北京市,,211,,公办院校,语言类院校,教育部,大学,
735,北京外国语大学,,北京市,,211,,公办院校,语言类院校,教育部,大学,
736,中国人民解放军海军工程大学,湖北,湖北-武汉市,武汉市,,,公办院校,军事类院校,中国人民解放军海军,大学,
738,华北电力大学(保定),河北,河北-保定市,保定市,211,,公办院校,工科类院校,教育部,大学,
739,中国人民解放军第二炮兵工程大学,陕西,陕西-西安市,西安市,,,公办院校,军事类院校,中国人民解放军总政治部,大学,
740,哈尔滨工业大学(威海),山东,山东-威海市,威海市,211,985,公办院校,工科类院校,工业和信息化部,高等学校分校,
741,中国人民解放军空军航空大学,吉林,吉林-长春市,长春市,,,公办院校,军事类院校,中央军委,学院,
742,西安外国语大学,陕西,陕西-西安市,西安市,,,公办院校,语言类院校,陕西省教育厅,大学,
746,山东大学威海分校,山东,山东-威海市,威海市,211,985,公办院校,综合类院校,教育部,高等学校分校,
747,复旦大学医学院,,上海市,,211,985,公办院校,医药类院校,教育部,大学,
748,北京邮电大学(宏福校区),,北京市,,211,,公办院校,工科类院校,教育部,高等学校分校,
750,河海大学(常州校区),江苏,江苏-常州市,常州市,,,公办院校,综合类院校,教育部,大学,
753,西交利物浦大学,江苏,江苏-苏州市,苏州市,,,民办院校,工科类院校,江苏省教育厅,大学,一本
756,四川外国语大学,,重庆市,,,,公办院校,语言类院校,重庆市教育委员会,学院,
758,天津外国语大学,,天津市,,,,公办院校,语言类院校,天津市教育委员会,大学,
760,大连外国语大学,辽宁,辽宁-大连市,大连市,,,公办院校,语言类院校,辽宁省教育厅,学院,
764,中国人民解放军国防科学技术大学,湖南,湖南-长沙市,长沙市,211,985,公办院校,军事类院校,中国人民解放军总政治部,大学,
766,东北大学秦皇岛分校,河北,河北-秦皇岛市,秦皇岛市,211,985,公办院校,工科类院校,教育部,高等学校分校,
772,陕西理工大学,陕西,陕西-汉中市,汉中市,,,公办院校,工科类院校,陕西省教育厅,大学,
783,宁波诺丁汉大学,浙江,浙江-宁波市,宁波市,,,民办院校,综合类院校,浙江省教育厅,大学,一本
792,中国人民大学(苏州校区),江苏,江苏-苏州市,苏州市,211,985,公办院校,综合类院校,教育部,大学,
793,上海交通大学医学院,,上海市,,211,985,公办院校,医药类院校,教育部,高等学校分校,
799,中国人民公安大学,,北京市,,,,公办院校,政法类院校,公安部,大学,
804,北京大学医学部,,北京市,,211,985,公办院校,医药类院校,教育部,高等学校分校,
807,西南大学(荣昌校区),,重庆市,,211,,公办院校,综合类院校,教育部,高等学校分校,
813,中国人民解放军第二军医大学,,上海市,,211,,公办院校,军事类院校,中国人民解放军总后勤部,学院,
826,北京体育大学,,北京市,,211,,公办院校,体育类院校,国家体育总局,大学,
861,中国科学院大学,,北京市,,,,公办院校,工科类院校,中国科学院,大学,
868,大连理工大学盘锦校区,辽宁,辽宁-盘锦市,盘锦市,211,985,公办院校,工科类院校,教育部,大学,
879,东北石油大学秦皇岛分院,河北,河北-秦皇岛市,秦皇岛市,,,公办院校,工科类院校,黑龙江省教育厅,高等学校分校,
887,合肥工业大学(宣城校区),安徽,安徽-宣城市,宣城市,211,,公办院校,工科类院校,教育部,大学,
903,香港中文大学,香港,香港-新界,新界,,,公办院校,综合类院校,香港特别行政区,大学,
932,国际关系学院,,北京市,,,,公办院校,政法类院校,教育部,大学,
938,中国人民解放军理工大学,江苏,江苏-南京市,南京市,,,公办院校,军事类院校,中国人民解放军总参谋部,学院,
939,江苏师范大学南京校区,江苏,江苏-徐州市,徐州市,,,公办院校,综合类院校,江苏省教育厅,大学,
968,香港大学,香港,香港-香港岛,香港岛,,,公办院校,综合类院校,香港特别行政区,大学,
994,澳门大学,澳门,澳门-澳门半岛,澳门半岛,,,公办院校,综合类院校,澳门特别行政区,大学,
1020,香港树仁大学,香港,香港-香港岛,香港岛,,,公办院校,语言类院校,香港特别行政区,大学,
1060,苏州职业大学,江苏,江苏-苏州市,苏州市,,,公办院校,综合类院校,江苏省教育厅,大学,
1104,中国人民解放军信息工程大学,河南,河南-郑州市,郑州市,,,公办院校,军事类院校,中国人民解放军总参谋部,大学,
1116,武警工程大学,陕西,陕西-西安市,西安市,,,公办院校,军事类院校,中国人民解放军总政治部,大学,
1142,江苏科技大学(张家港校区),江苏,江苏-苏州市,苏州市,,,公办院校,工科类院校,江苏省人民政府,大学,
1188,哈尔滨理工大学荣成校区,山东,山东-威海市,威海市,,,公办院校,工科类院校,黑龙江省教育厅,高等学校分校,二本
1293,香港公开大学,香港,香港-九龙,九龙,,,公办院校,综合类院校,香港特别行政区,大学,
1294,澳门城市大学,澳门,澳门-澳门半岛,澳门半岛,,,公办院校,综合类院校,澳门特别行政区,大学,
1349,香港科技大学,香港,香港-九龙,九龙,,,公办院校,综合类院校,香港特别行政区,大学,
1380,香港城市大学,香港,香港-九龙,九龙,,,公办院校,综合类院校,香港特别行政区,大学,
1399,香港浸会大学,香港,香港-九龙,九龙,,,公办院校,综合类院校,香港特别行政区,大学,
1508,温州肯恩大学,浙江,浙江-温州市,温州市,,,公办院校,综合类院校,浙江省教育厅,大学,
1517,澳门科技大学,澳门,澳门-澳门离岛,澳门离岛,,,公办院校,综合类院校,澳门特别行政区,大学,
1545,南方科技大学,广东,广东-深圳市,深圳市,,,公办院校,综合类院校,广东省教育厅,大学,
1670,香港理工大学,香港,香港-九龙,九龙,,,公办院校,综合类院校,香港特别行政区,大学,
1824,香港岭南大学,香港,香港-新界,新界,,,公办院校,综合类院校,香港特别行政区,大学,
2619,北京交通大学(威海校区),山东,山东-威海市,威海市,,,公办院校,综合类院校,山东省教育厅,高等学校分校,一本
2733,上海科技大学,,上海市,,,,公办院校,工科类院校,上海市人民政府,大学,
2740,上海纽约大学,,上海市,,,,公办院校,综合类院校,上海市教育委员会,大学,
2765,香港中文大学(深圳),广东,广东-深圳市,深圳市,,,公办院校,综合类院校,广东省教育厅,大学,
2772,中国石油大学(北京)克拉玛依校区,新疆,新疆-克拉玛依市,克拉玛依市,,,公办院校,工科类院校,教育部,大学,
2820,中国社会科学院大学,,北京市,,,,公办院校,综合类院校,中国社会科学院,大学,
2829,广东以色列理工学院,广东,广东-汕头市,汕头市,,,公办院校,工科类院校,广东省教育厅,学院,一本
2831,深圳北理莫斯科大学,广东,广东-深圳市,深圳市,,,公办院校,综合类院校,广东省教育厅,大学,
